;;;
satan petrov ivanov;666666;12345;hel@
;;;
GOD OF WAR;;666;ray@
satan petrov ivanov;666666;12345;hel@
;;;
GOD OF WAR;;666;ray@
Pitor Pit Pitov;;123;ret@
satan petrov ivanov;666666;12345;hel@
;;;
GOD OF WAR;;666;ray@
Pitor Pit Pitov;;123;ret@
satan petrov ivanov;666666;12345;hel@
Володька`Петров`Гулькин;;123;
;;;
GOD OF WAR;;666;ray@
Pitor Pit Pitov;;123;ret@
satan petrov ivanov;666666;12345;hel@
Вовка Петров Иванов;7766677766;21123; ўл 
Володька`Петров`Гулькин;;123;
;;;
GOD OF WAR;;666;ray@
Pitor Pit Pitov;;123;ret@
satan petrov ivanov;666666;12345;hel@
Вовка Петров Иванов;7766677766;21123; ўл 
Володька`Петров`Гулькин;;123;
аааы ыва авыа;лў ;ўл ;лў 
;;;
GOD OF WAR;;666;ray@
Ginzo Petrov Ivan;1234567;7654321;asd@
Pitor Pit Pitov;;123;ret@
satan petrov ivanov;666666;12345;hel@
Вовка Петров Иванов;7766677766;21123; ўл 
Володька`Петров`Гулькин;;123;
аааы ыва авыа;лў ;ўл ;лў 
;;;
GOD OF WAR;;666;ray@
Ginzo Petrov Ivan;1234567;7654321;asd@
Ginzober;1;2;3
Pitor Pit Pitov;;123;ret@
satan petrov ivanov;666666;12345;hel@
Вовка Петров Иванов;7766677766;21123; ўл 
Володька`Петров`Гулькин;;123;
аааы ыва авыа;лў ;ўл ;лў 
;;;
GOD OF WAR;;666;ray@
Ginzo Petrov Ivan;1234567;7654321;asd@
Ginzober;1;2;3
Pitor Pit Pitov;;123;ret@
Zasal;`;1;2
satan petrov ivanov;666666;12345;hel@
Вовка Петров Иванов;7766677766;21123; ўл 
Володька`Петров`Гулькин;;123;
аааы ыва авыа;лў ;ўл ;лў 
;;;
GOD OF WAR;;666;ray@
Ginzo Petrov Ivan;1234567;7654321;asd@
Ginzober;1;2;3
Pitor Pit Pitov;;123;ret@
Zasal;`;1;2
Zasal 1 2;2;2;2
satan petrov ivanov;666666;12345;hel@
Вовка Петров Иванов;7766677766;21123; ўл 
Володька`Петров`Гулькин;;123;
аааы ыва авыа;лў ;ўл ;лў 
;;;
GOD OF WAR;;666;ray@
Ginzo Petrov Ivan;1234567;7654321;asd@
Ginzober;1;2;3
Pitor Pit Pitov;;123;ret@
Zasal;`;1;2
Zasal 1 2;2;2;2
pa po pi;21;2112;2222
satan petrov ivanov;666666;12345;hel@
Вовка Петров Иванов;7766677766;21123; ўл 
Володька`Петров`Гулькин;;123;
аааы ыва авыа;лў ;ўл ;лў 
;;;
GOD OF WAR;;666;ray@
Ginzo Petrov Ivan;1234567;7654321;asd@
Ginzober;1;2;3
Pitor Pit Pitov;;123;ret@
Zasal;`;1;2
Zasal 1 2;2;2;2
pa po pi;21;2112;2222
po pa pad;1;2;3
satan petrov ivanov;666666;12345;hel@
Вовка Петров Иванов;7766677766;21123; ўл 
Володька`Петров`Гулькин;;123;
аааы ыва авыа;лў ;ўл ;лў 
;;;
GOD OF WAR;;666;ray@
Ginzo Petrov Ivan;1234567;7654321;asd@
Ginzober;1;2;3
Pitor Pit Pitov;;123;ret@
Zasal;`;1;2
Zasal 1 2;2;2;2
pa po pi;21;2112;2222
po pa pad;1;2;3
satan petrov ivanov;666666;12345;hel@
zasalodel petrov;1;2;3
Вовка Петров Иванов;7766677766;21123; ўл 
Володька`Петров`Гулькин;;123;
аааы ыва авыа;лў ;ўл ;лў 
;;;
GOD OF WAR;;666;ray@
Ginzo Petrov Ivan;1234567;7654321;asd@
Ginzober;1;2;3
Pitor Pit Pitov;;123;ret@
Zasal;`;1;2
Zasal 1 2;2;2;2
gf;fg;gf;gf
pa po pi;21;2112;2222
po pa pad;1;2;3
satan petrov ivanov;666666;12345;hel@
zasalodel petrov;1;2;3
Вовка Петров Иванов;7766677766;21123; ўл 
Володька`Петров`Гулькин;;123;
аааы ыва авыа;лў ;ўл ;лў 
